[
{
  "model": "auth.permission",
  "pk": 1,
  "fields": {
    "name": "Can add image",
    "content_type": 2,
    "codename": "add_image"
  }
},
{
  "model": "auth.permission",
  "pk": 2,
  "fields": {
    "name": "Can change image",
    "content_type": 2,
    "codename": "change_image"
  }
},
{
  "model": "auth.permission",
  "pk": 3,
  "fields": {
    "name": "Can delete image",
    "content_type": 2,
    "codename": "delete_image"
  }
},
{
  "model": "auth.permission",
  "pk": 4,
  "fields": {
    "name": "Can choose image",
    "content_type": 2,
    "codename": "choose_image"
  }
},
{
  "model": "auth.permission",
  "pk": 5,
  "fields": {
    "name": "Can access Wagtail admin",
    "content_type": 4,
    "codename": "access_admin"
  }
},
{
  "model": "auth.permission",
  "pk": 6,
  "fields": {
    "name": "Can add document",
    "content_type": 5,
    "codename": "add_document"
  }
},
{
  "model": "auth.permission",
  "pk": 7,
  "fields": {
    "name": "Can change document",
    "content_type": 5,
    "codename": "change_document"
  }
},
{
  "model": "auth.permission",
  "pk": 8,
  "fields": {
    "name": "Can delete document",
    "content_type": 5,
    "codename": "delete_document"
  }
},
{
  "model": "auth.permission",
  "pk": 9,
  "fields": {
    "name": "Can choose document",
    "content_type": 5,
    "codename": "choose_document"
  }
},
{
  "model": "auth.permission",
  "pk": 10,
  "fields": {
    "name": "Can add log entry",
    "content_type": 6,
    "codename": "add_logentry"
  }
},
{
  "model": "auth.permission",
  "pk": 11,
  "fields": {
    "name": "Can change log entry",
    "content_type": 6,
    "codename": "change_logentry"
  }
},
{
  "model": "auth.permission",
  "pk": 12,
  "fields": {
    "name": "Can delete log entry",
    "content_type": 6,
    "codename": "delete_logentry"
  }
},
{
  "model": "auth.permission",
  "pk": 13,
  "fields": {
    "name": "Can view log entry",
    "content_type": 6,
    "codename": "view_logentry"
  }
},
{
  "model": "auth.permission",
  "pk": 14,
  "fields": {
    "name": "Can add permission",
    "content_type": 7,
    "codename": "add_permission"
  }
},
{
  "model": "auth.permission",
  "pk": 15,
  "fields": {
    "name": "Can change permission",
    "content_type": 7,
    "codename": "change_permission"
  }
},
{
  "model": "auth.permission",
  "pk": 16,
  "fields": {
    "name": "Can delete permission",
    "content_type": 7,
    "codename": "delete_permission"
  }
},
{
  "model": "auth.permission",
  "pk": 17,
  "fields": {
    "name": "Can view permission",
    "content_type": 7,
    "codename": "view_permission"
  }
},
{
  "model": "auth.permission",
  "pk": 18,
  "fields": {
    "name": "Can add group",
    "content_type": 8,
    "codename": "add_group"
  }
},
{
  "model": "auth.permission",
  "pk": 19,
  "fields": {
    "name": "Can change group",
    "content_type": 8,
    "codename": "change_group"
  }
},
{
  "model": "auth.permission",
  "pk": 20,
  "fields": {
    "name": "Can delete group",
    "content_type": 8,
    "codename": "delete_group"
  }
},
{
  "model": "auth.permission",
  "pk": 21,
  "fields": {
    "name": "Can view group",
    "content_type": 8,
    "codename": "view_group"
  }
},
{
  "model": "auth.permission",
  "pk": 22,
  "fields": {
    "name": "Can add content type",
    "content_type": 9,
    "codename": "add_contenttype"
  }
},
{
  "model": "auth.permission",
  "pk": 23,
  "fields": {
    "name": "Can change content type",
    "content_type": 9,
    "codename": "change_contenttype"
  }
},
{
  "model": "auth.permission",
  "pk": 24,
  "fields": {
    "name": "Can delete content type",
    "content_type": 9,
    "codename": "delete_contenttype"
  }
},
{
  "model": "auth.permission",
  "pk": 25,
  "fields": {
    "name": "Can view content type",
    "content_type": 9,
    "codename": "view_contenttype"
  }
},
{
  "model": "auth.permission",
  "pk": 26,
  "fields": {
    "name": "Can add session",
    "content_type": 10,
    "codename": "add_session"
  }
},
{
  "model": "auth.permission",
  "pk": 27,
  "fields": {
    "name": "Can change session",
    "content_type": 10,
    "codename": "change_session"
  }
},
{
  "model": "auth.permission",
  "pk": 28,
  "fields": {
    "name": "Can delete session",
    "content_type": 10,
    "codename": "delete_session"
  }
},
{
  "model": "auth.permission",
  "pk": 29,
  "fields": {
    "name": "Can view session",
    "content_type": 10,
    "codename": "view_session"
  }
},
{
  "model": "auth.permission",
  "pk": 30,
  "fields": {
    "name": "Can add site",
    "content_type": 11,
    "codename": "add_site"
  }
},
{
  "model": "auth.permission",
  "pk": 31,
  "fields": {
    "name": "Can change site",
    "content_type": 11,
    "codename": "change_site"
  }
},
{
  "model": "auth.permission",
  "pk": 32,
  "fields": {
    "name": "Can delete site",
    "content_type": 11,
    "codename": "delete_site"
  }
},
{
  "model": "auth.permission",
  "pk": 33,
  "fields": {
    "name": "Can view site",
    "content_type": 11,
    "codename": "view_site"
  }
},
{
  "model": "auth.permission",
  "pk": 34,
  "fields": {
    "name": "Can add author profile",
    "content_type": 12,
    "codename": "add_authorprofile"
  }
},
{
  "model": "auth.permission",
  "pk": 35,
  "fields": {
    "name": "Can change author profile",
    "content_type": 12,
    "codename": "change_authorprofile"
  }
},
{
  "model": "auth.permission",
  "pk": 36,
  "fields": {
    "name": "Can delete author profile",
    "content_type": 12,
    "codename": "delete_authorprofile"
  }
},
{
  "model": "auth.permission",
  "pk": 37,
  "fields": {
    "name": "Can view author profile",
    "content_type": 12,
    "codename": "view_authorprofile"
  }
},
{
  "model": "auth.permission",
  "pk": 38,
  "fields": {
    "name": "Can add user",
    "content_type": 13,
    "codename": "add_customuser"
  }
},
{
  "model": "auth.permission",
  "pk": 39,
  "fields": {
    "name": "Can change user",
    "content_type": 13,
    "codename": "change_customuser"
  }
},
{
  "model": "auth.permission",
  "pk": 40,
  "fields": {
    "name": "Can delete user",
    "content_type": 13,
    "codename": "delete_customuser"
  }
},
{
  "model": "auth.permission",
  "pk": 41,
  "fields": {
    "name": "Can view user",
    "content_type": 13,
    "codename": "view_customuser"
  }
},
{
  "model": "auth.permission",
  "pk": 42,
  "fields": {
    "name": "Can add form submission",
    "content_type": 14,
    "codename": "add_formsubmission"
  }
},
{
  "model": "auth.permission",
  "pk": 43,
  "fields": {
    "name": "Can change form submission",
    "content_type": 14,
    "codename": "change_formsubmission"
  }
},
{
  "model": "auth.permission",
  "pk": 44,
  "fields": {
    "name": "Can delete form submission",
    "content_type": 14,
    "codename": "delete_formsubmission"
  }
},
{
  "model": "auth.permission",
  "pk": 45,
  "fields": {
    "name": "Can view form submission",
    "content_type": 14,
    "codename": "view_formsubmission"
  }
},
{
  "model": "auth.permission",
  "pk": 46,
  "fields": {
    "name": "Can add redirect",
    "content_type": 15,
    "codename": "add_redirect"
  }
},
{
  "model": "auth.permission",
  "pk": 47,
  "fields": {
    "name": "Can change redirect",
    "content_type": 15,
    "codename": "change_redirect"
  }
},
{
  "model": "auth.permission",
  "pk": 48,
  "fields": {
    "name": "Can delete redirect",
    "content_type": 15,
    "codename": "delete_redirect"
  }
},
{
  "model": "auth.permission",
  "pk": 49,
  "fields": {
    "name": "Can view redirect",
    "content_type": 15,
    "codename": "view_redirect"
  }
},
{
  "model": "auth.permission",
  "pk": 50,
  "fields": {
    "name": "Can add embed",
    "content_type": 16,
    "codename": "add_embed"
  }
},
{
  "model": "auth.permission",
  "pk": 51,
  "fields": {
    "name": "Can change embed",
    "content_type": 16,
    "codename": "change_embed"
  }
},
{
  "model": "auth.permission",
  "pk": 52,
  "fields": {
    "name": "Can delete embed",
    "content_type": 16,
    "codename": "delete_embed"
  }
},
{
  "model": "auth.permission",
  "pk": 53,
  "fields": {
    "name": "Can view embed",
    "content_type": 16,
    "codename": "view_embed"
  }
},
{
  "model": "auth.permission",
  "pk": 54,
  "fields": {
    "name": "Can add user profile",
    "content_type": 17,
    "codename": "add_userprofile"
  }
},
{
  "model": "auth.permission",
  "pk": 55,
  "fields": {
    "name": "Can change user profile",
    "content_type": 17,
    "codename": "change_userprofile"
  }
},
{
  "model": "auth.permission",
  "pk": 56,
  "fields": {
    "name": "Can delete user profile",
    "content_type": 17,
    "codename": "delete_userprofile"
  }
},
{
  "model": "auth.permission",
  "pk": 57,
  "fields": {
    "name": "Can view user profile",
    "content_type": 17,
    "codename": "view_userprofile"
  }
},
{
  "model": "auth.permission",
  "pk": 58,
  "fields": {
    "name": "Can view document",
    "content_type": 5,
    "codename": "view_document"
  }
},
{
  "model": "auth.permission",
  "pk": 59,
  "fields": {
    "name": "Can add uploaded document",
    "content_type": 18,
    "codename": "add_uploadeddocument"
  }
},
{
  "model": "auth.permission",
  "pk": 60,
  "fields": {
    "name": "Can change uploaded document",
    "content_type": 18,
    "codename": "change_uploadeddocument"
  }
},
{
  "model": "auth.permission",
  "pk": 61,
  "fields": {
    "name": "Can delete uploaded document",
    "content_type": 18,
    "codename": "delete_uploadeddocument"
  }
},
{
  "model": "auth.permission",
  "pk": 62,
  "fields": {
    "name": "Can view uploaded document",
    "content_type": 18,
    "codename": "view_uploadeddocument"
  }
},
{
  "model": "auth.permission",
  "pk": 63,
  "fields": {
    "name": "Can view image",
    "content_type": 2,
    "codename": "view_image"
  }
},
{
  "model": "auth.permission",
  "pk": 64,
  "fields": {
    "name": "Can add rendition",
    "content_type": 19,
    "codename": "add_rendition"
  }
},
{
  "model": "auth.permission",
  "pk": 65,
  "fields": {
    "name": "Can change rendition",
    "content_type": 19,
    "codename": "change_rendition"
  }
},
{
  "model": "auth.permission",
  "pk": 66,
  "fields": {
    "name": "Can delete rendition",
    "content_type": 19,
    "codename": "delete_rendition"
  }
},
{
  "model": "auth.permission",
  "pk": 67,
  "fields": {
    "name": "Can view rendition",
    "content_type": 19,
    "codename": "view_rendition"
  }
},
{
  "model": "auth.permission",
  "pk": 68,
  "fields": {
    "name": "Can add uploaded image",
    "content_type": 20,
    "codename": "add_uploadedimage"
  }
},
{
  "model": "auth.permission",
  "pk": 69,
  "fields": {
    "name": "Can change uploaded image",
    "content_type": 20,
    "codename": "change_uploadedimage"
  }
},
{
  "model": "auth.permission",
  "pk": 70,
  "fields": {
    "name": "Can delete uploaded image",
    "content_type": 20,
    "codename": "delete_uploadedimage"
  }
},
{
  "model": "auth.permission",
  "pk": 71,
  "fields": {
    "name": "Can view uploaded image",
    "content_type": 20,
    "codename": "view_uploadedimage"
  }
},
{
  "model": "auth.permission",
  "pk": 72,
  "fields": {
    "name": "Can add query",
    "content_type": 21,
    "codename": "add_query"
  }
},
{
  "model": "auth.permission",
  "pk": 73,
  "fields": {
    "name": "Can change query",
    "content_type": 21,
    "codename": "change_query"
  }
},
{
  "model": "auth.permission",
  "pk": 74,
  "fields": {
    "name": "Can delete query",
    "content_type": 21,
    "codename": "delete_query"
  }
},
{
  "model": "auth.permission",
  "pk": 75,
  "fields": {
    "name": "Can view query",
    "content_type": 21,
    "codename": "view_query"
  }
},
{
  "model": "auth.permission",
  "pk": 76,
  "fields": {
    "name": "Can add Query Daily Hits",
    "content_type": 22,
    "codename": "add_querydailyhits"
  }
},
{
  "model": "auth.permission",
  "pk": 77,
  "fields": {
    "name": "Can change Query Daily Hits",
    "content_type": 22,
    "codename": "change_querydailyhits"
  }
},
{
  "model": "auth.permission",
  "pk": 78,
  "fields": {
    "name": "Can delete Query Daily Hits",
    "content_type": 22,
    "codename": "delete_querydailyhits"
  }
},
{
  "model": "auth.permission",
  "pk": 79,
  "fields": {
    "name": "Can view Query Daily Hits",
    "content_type": 22,
    "codename": "view_querydailyhits"
  }
},
{
  "model": "auth.permission",
  "pk": 80,
  "fields": {
    "name": "Can add index entry",
    "content_type": 23,
    "codename": "add_indexentry"
  }
},
{
  "model": "auth.permission",
  "pk": 81,
  "fields": {
    "name": "Can change index entry",
    "content_type": 23,
    "codename": "change_indexentry"
  }
},
{
  "model": "auth.permission",
  "pk": 82,
  "fields": {
    "name": "Can delete index entry",
    "content_type": 23,
    "codename": "delete_indexentry"
  }
},
{
  "model": "auth.permission",
  "pk": 83,
  "fields": {
    "name": "Can view index entry",
    "content_type": 23,
    "codename": "view_indexentry"
  }
},
{
  "model": "auth.permission",
  "pk": 84,
  "fields": {
    "name": "Can add sqliteftsindexentry",
    "content_type": 24,
    "codename": "add_sqliteftsindexentry"
  }
},
{
  "model": "auth.permission",
  "pk": 85,
  "fields": {
    "name": "Can change sqliteftsindexentry",
    "content_type": 24,
    "codename": "change_sqliteftsindexentry"
  }
},
{
  "model": "auth.permission",
  "pk": 86,
  "fields": {
    "name": "Can delete sqliteftsindexentry",
    "content_type": 24,
    "codename": "delete_sqliteftsindexentry"
  }
},
{
  "model": "auth.permission",
  "pk": 87,
  "fields": {
    "name": "Can view sqliteftsindexentry",
    "content_type": 24,
    "codename": "view_sqliteftsindexentry"
  }
},
{
  "model": "auth.permission",
  "pk": 88,
  "fields": {
    "name": "Can add page",
    "content_type": 1,
    "codename": "add_page"
  }
},
{
  "model": "auth.permission",
  "pk": 89,
  "fields": {
    "name": "Can change page",
    "content_type": 1,
    "codename": "change_page"
  }
},
{
  "model": "auth.permission",
  "pk": 90,
  "fields": {
    "name": "Can delete page",
    "content_type": 1,
    "codename": "delete_page"
  }
},
{
  "model": "auth.permission",
  "pk": 91,
  "fields": {
    "name": "Can view page",
    "content_type": 1,
    "codename": "view_page"
  }
},
{
  "model": "auth.permission",
  "pk": 92,
  "fields": {
    "name": "Can add group page permission",
    "content_type": 25,
    "codename": "add_grouppagepermission"
  }
},
{
  "model": "auth.permission",
  "pk": 93,
  "fields": {
    "name": "Can change group page permission",
    "content_type": 25,
    "codename": "change_grouppagepermission"
  }
},
{
  "model": "auth.permission",
  "pk": 94,
  "fields": {
    "name": "Can delete group page permission",
    "content_type": 25,
    "codename": "delete_grouppagepermission"
  }
},
{
  "model": "auth.permission",
  "pk": 95,
  "fields": {
    "name": "Can view group page permission",
    "content_type": 25,
    "codename": "view_grouppagepermission"
  }
},
{
  "model": "auth.permission",
  "pk": 96,
  "fields": {
    "name": "Can add page revision",
    "content_type": 26,
    "codename": "add_pagerevision"
  }
},
{
  "model": "auth.permission",
  "pk": 97,
  "fields": {
    "name": "Can change page revision",
    "content_type": 26,
    "codename": "change_pagerevision"
  }
},
{
  "model": "auth.permission",
  "pk": 98,
  "fields": {
    "name": "Can delete page revision",
    "content_type": 26,
    "codename": "delete_pagerevision"
  }
},
{
  "model": "auth.permission",
  "pk": 99,
  "fields": {
    "name": "Can view page revision",
    "content_type": 26,
    "codename": "view_pagerevision"
  }
},
{
  "model": "auth.permission",
  "pk": 100,
  "fields": {
    "name": "Can add page view restriction",
    "content_type": 27,
    "codename": "add_pageviewrestriction"
  }
},
{
  "model": "auth.permission",
  "pk": 101,
  "fields": {
    "name": "Can change page view restriction",
    "content_type": 27,
    "codename": "change_pageviewrestriction"
  }
},
{
  "model": "auth.permission",
  "pk": 102,
  "fields": {
    "name": "Can delete page view restriction",
    "content_type": 27,
    "codename": "delete_pageviewrestriction"
  }
},
{
  "model": "auth.permission",
  "pk": 103,
  "fields": {
    "name": "Can view page view restriction",
    "content_type": 27,
    "codename": "view_pageviewrestriction"
  }
},
{
  "model": "auth.permission",
  "pk": 104,
  "fields": {
    "name": "Can add site",
    "content_type": 28,
    "codename": "add_site"
  }
},
{
  "model": "auth.permission",
  "pk": 105,
  "fields": {
    "name": "Can change site",
    "content_type": 28,
    "codename": "change_site"
  }
},
{
  "model": "auth.permission",
  "pk": 106,
  "fields": {
    "name": "Can delete site",
    "content_type": 28,
    "codename": "delete_site"
  }
},
{
  "model": "auth.permission",
  "pk": 107,
  "fields": {
    "name": "Can view site",
    "content_type": 28,
    "codename": "view_site"
  }
},
{
  "model": "auth.permission",
  "pk": 108,
  "fields": {
    "name": "Can add collection",
    "content_type": 29,
    "codename": "add_collection"
  }
},
{
  "model": "auth.permission",
  "pk": 109,
  "fields": {
    "name": "Can change collection",
    "content_type": 29,
    "codename": "change_collection"
  }
},
{
  "model": "auth.permission",
  "pk": 110,
  "fields": {
    "name": "Can delete collection",
    "content_type": 29,
    "codename": "delete_collection"
  }
},
{
  "model": "auth.permission",
  "pk": 111,
  "fields": {
    "name": "Can view collection",
    "content_type": 29,
    "codename": "view_collection"
  }
},
{
  "model": "auth.permission",
  "pk": 112,
  "fields": {
    "name": "Can add group collection permission",
    "content_type": 30,
    "codename": "add_groupcollectionpermission"
  }
},
{
  "model": "auth.permission",
  "pk": 113,
  "fields": {
    "name": "Can change group collection permission",
    "content_type": 30,
    "codename": "change_groupcollectionpermission"
  }
},
{
  "model": "auth.permission",
  "pk": 114,
  "fields": {
    "name": "Can delete group collection permission",
    "content_type": 30,
    "codename": "delete_groupcollectionpermission"
  }
},
{
  "model": "auth.permission",
  "pk": 115,
  "fields": {
    "name": "Can view group collection permission",
    "content_type": 30,
    "codename": "view_groupcollectionpermission"
  }
},
{
  "model": "auth.permission",
  "pk": 116,
  "fields": {
    "name": "Can add collection view restriction",
    "content_type": 31,
    "codename": "add_collectionviewrestriction"
  }
},
{
  "model": "auth.permission",
  "pk": 117,
  "fields": {
    "name": "Can change collection view restriction",
    "content_type": 31,
    "codename": "change_collectionviewrestriction"
  }
},
{
  "model": "auth.permission",
  "pk": 118,
  "fields": {
    "name": "Can delete collection view restriction",
    "content_type": 31,
    "codename": "delete_collectionviewrestriction"
  }
},
{
  "model": "auth.permission",
  "pk": 119,
  "fields": {
    "name": "Can view collection view restriction",
    "content_type": 31,
    "codename": "view_collectionviewrestriction"
  }
},
{
  "model": "auth.permission",
  "pk": 120,
  "fields": {
    "name": "Can add task",
    "content_type": 32,
    "codename": "add_task"
  }
},
{
  "model": "auth.permission",
  "pk": 121,
  "fields": {
    "name": "Can change task",
    "content_type": 32,
    "codename": "change_task"
  }
},
{
  "model": "auth.permission",
  "pk": 122,
  "fields": {
    "name": "Can delete task",
    "content_type": 32,
    "codename": "delete_task"
  }
},
{
  "model": "auth.permission",
  "pk": 123,
  "fields": {
    "name": "Can view task",
    "content_type": 32,
    "codename": "view_task"
  }
},
{
  "model": "auth.permission",
  "pk": 124,
  "fields": {
    "name": "Can add Task state",
    "content_type": 33,
    "codename": "add_taskstate"
  }
},
{
  "model": "auth.permission",
  "pk": 125,
  "fields": {
    "name": "Can change Task state",
    "content_type": 33,
    "codename": "change_taskstate"
  }
},
{
  "model": "auth.permission",
  "pk": 126,
  "fields": {
    "name": "Can delete Task state",
    "content_type": 33,
    "codename": "delete_taskstate"
  }
},
{
  "model": "auth.permission",
  "pk": 127,
  "fields": {
    "name": "Can view Task state",
    "content_type": 33,
    "codename": "view_taskstate"
  }
},
{
  "model": "auth.permission",
  "pk": 128,
  "fields": {
    "name": "Can add workflow",
    "content_type": 34,
    "codename": "add_workflow"
  }
},
{
  "model": "auth.permission",
  "pk": 129,
  "fields": {
    "name": "Can change workflow",
    "content_type": 34,
    "codename": "change_workflow"
  }
},
{
  "model": "auth.permission",
  "pk": 130,
  "fields": {
    "name": "Can delete workflow",
    "content_type": 34,
    "codename": "delete_workflow"
  }
},
{
  "model": "auth.permission",
  "pk": 131,
  "fields": {
    "name": "Can view workflow",
    "content_type": 34,
    "codename": "view_workflow"
  }
},
{
  "model": "auth.permission",
  "pk": 132,
  "fields": {
    "name": "Can add Group approval task",
    "content_type": 3,
    "codename": "add_groupapprovaltask"
  }
},
{
  "model": "auth.permission",
  "pk": 133,
  "fields": {
    "name": "Can change Group approval task",
    "content_type": 3,
    "codename": "change_groupapprovaltask"
  }
},
{
  "model": "auth.permission",
  "pk": 134,
  "fields": {
    "name": "Can delete Group approval task",
    "content_type": 3,
    "codename": "delete_groupapprovaltask"
  }
},
{
  "model": "auth.permission",
  "pk": 135,
  "fields": {
    "name": "Can view Group approval task",
    "content_type": 3,
    "codename": "view_groupapprovaltask"
  }
},
{
  "model": "auth.permission",
  "pk": 136,
  "fields": {
    "name": "Can add Workflow state",
    "content_type": 35,
    "codename": "add_workflowstate"
  }
},
{
  "model": "auth.permission",
  "pk": 137,
  "fields": {
    "name": "Can change Workflow state",
    "content_type": 35,
    "codename": "change_workflowstate"
  }
},
{
  "model": "auth.permission",
  "pk": 138,
  "fields": {
    "name": "Can delete Workflow state",
    "content_type": 35,
    "codename": "delete_workflowstate"
  }
},
{
  "model": "auth.permission",
  "pk": 139,
  "fields": {
    "name": "Can view Workflow state",
    "content_type": 35,
    "codename": "view_workflowstate"
  }
},
{
  "model": "auth.permission",
  "pk": 140,
  "fields": {
    "name": "Can add workflow page",
    "content_type": 36,
    "codename": "add_workflowpage"
  }
},
{
  "model": "auth.permission",
  "pk": 141,
  "fields": {
    "name": "Can change workflow page",
    "content_type": 36,
    "codename": "change_workflowpage"
  }
},
{
  "model": "auth.permission",
  "pk": 142,
  "fields": {
    "name": "Can delete workflow page",
    "content_type": 36,
    "codename": "delete_workflowpage"
  }
},
{
  "model": "auth.permission",
  "pk": 143,
  "fields": {
    "name": "Can view workflow page",
    "content_type": 36,
    "codename": "view_workflowpage"
  }
},
{
  "model": "auth.permission",
  "pk": 144,
  "fields": {
    "name": "Can add workflow task order",
    "content_type": 37,
    "codename": "add_workflowtask"
  }
},
{
  "model": "auth.permission",
  "pk": 145,
  "fields": {
    "name": "Can change workflow task order",
    "content_type": 37,
    "codename": "change_workflowtask"
  }
},
{
  "model": "auth.permission",
  "pk": 146,
  "fields": {
    "name": "Can delete workflow task order",
    "content_type": 37,
    "codename": "delete_workflowtask"
  }
},
{
  "model": "auth.permission",
  "pk": 147,
  "fields": {
    "name": "Can view workflow task order",
    "content_type": 37,
    "codename": "view_workflowtask"
  }
},
{
  "model": "auth.permission",
  "pk": 148,
  "fields": {
    "name": "Can add page log entry",
    "content_type": 38,
    "codename": "add_pagelogentry"
  }
},
{
  "model": "auth.permission",
  "pk": 149,
  "fields": {
    "name": "Can change page log entry",
    "content_type": 38,
    "codename": "change_pagelogentry"
  }
},
{
  "model": "auth.permission",
  "pk": 150,
  "fields": {
    "name": "Can delete page log entry",
    "content_type": 38,
    "codename": "delete_pagelogentry"
  }
},
{
  "model": "auth.permission",
  "pk": 151,
  "fields": {
    "name": "Can view page log entry",
    "content_type": 38,
    "codename": "view_pagelogentry"
  }
},
{
  "model": "auth.permission",
  "pk": 152,
  "fields": {
    "name": "Can add locale",
    "content_type": 39,
    "codename": "add_locale"
  }
},
{
  "model": "auth.permission",
  "pk": 153,
  "fields": {
    "name": "Can change locale",
    "content_type": 39,
    "codename": "change_locale"
  }
},
{
  "model": "auth.permission",
  "pk": 154,
  "fields": {
    "name": "Can delete locale",
    "content_type": 39,
    "codename": "delete_locale"
  }
},
{
  "model": "auth.permission",
  "pk": 155,
  "fields": {
    "name": "Can view locale",
    "content_type": 39,
    "codename": "view_locale"
  }
},
{
  "model": "auth.permission",
  "pk": 156,
  "fields": {
    "name": "Can add comment",
    "content_type": 40,
    "codename": "add_comment"
  }
},
{
  "model": "auth.permission",
  "pk": 157,
  "fields": {
    "name": "Can change comment",
    "content_type": 40,
    "codename": "change_comment"
  }
},
{
  "model": "auth.permission",
  "pk": 158,
  "fields": {
    "name": "Can delete comment",
    "content_type": 40,
    "codename": "delete_comment"
  }
},
{
  "model": "auth.permission",
  "pk": 159,
  "fields": {
    "name": "Can view comment",
    "content_type": 40,
    "codename": "view_comment"
  }
},
{
  "model": "auth.permission",
  "pk": 160,
  "fields": {
    "name": "Can add comment reply",
    "content_type": 41,
    "codename": "add_commentreply"
  }
},
{
  "model": "auth.permission",
  "pk": 161,
  "fields": {
    "name": "Can change comment reply",
    "content_type": 41,
    "codename": "change_commentreply"
  }
},
{
  "model": "auth.permission",
  "pk": 162,
  "fields": {
    "name": "Can delete comment reply",
    "content_type": 41,
    "codename": "delete_commentreply"
  }
},
{
  "model": "auth.permission",
  "pk": 163,
  "fields": {
    "name": "Can view comment reply",
    "content_type": 41,
    "codename": "view_commentreply"
  }
},
{
  "model": "auth.permission",
  "pk": 164,
  "fields": {
    "name": "Can add page subscription",
    "content_type": 42,
    "codename": "add_pagesubscription"
  }
},
{
  "model": "auth.permission",
  "pk": 165,
  "fields": {
    "name": "Can change page subscription",
    "content_type": 42,
    "codename": "change_pagesubscription"
  }
},
{
  "model": "auth.permission",
  "pk": 166,
  "fields": {
    "name": "Can delete page subscription",
    "content_type": 42,
    "codename": "delete_pagesubscription"
  }
},
{
  "model": "auth.permission",
  "pk": 167,
  "fields": {
    "name": "Can view page subscription",
    "content_type": 42,
    "codename": "view_pagesubscription"
  }
},
{
  "model": "auth.permission",
  "pk": 168,
  "fields": {
    "name": "Can add model log entry",
    "content_type": 43,
    "codename": "add_modellogentry"
  }
},
{
  "model": "auth.permission",
  "pk": 169,
  "fields": {
    "name": "Can change model log entry",
    "content_type": 43,
    "codename": "change_modellogentry"
  }
},
{
  "model": "auth.permission",
  "pk": 170,
  "fields": {
    "name": "Can delete model log entry",
    "content_type": 43,
    "codename": "delete_modellogentry"
  }
},
{
  "model": "auth.permission",
  "pk": 171,
  "fields": {
    "name": "Can view model log entry",
    "content_type": 43,
    "codename": "view_modellogentry"
  }
},
{
  "model": "auth.permission",
  "pk": 172,
  "fields": {
    "name": "Can add tag",
    "content_type": 44,
    "codename": "add_tag"
  }
},
{
  "model": "auth.permission",
  "pk": 173,
  "fields": {
    "name": "Can change tag",
    "content_type": 44,
    "codename": "change_tag"
  }
},
{
  "model": "auth.permission",
  "pk": 174,
  "fields": {
    "name": "Can delete tag",
    "content_type": 44,
    "codename": "delete_tag"
  }
},
{
  "model": "auth.permission",
  "pk": 175,
  "fields": {
    "name": "Can view tag",
    "content_type": 44,
    "codename": "view_tag"
  }
},
{
  "model": "auth.permission",
  "pk": 176,
  "fields": {
    "name": "Can add tagged item",
    "content_type": 45,
    "codename": "add_taggeditem"
  }
},
{
  "model": "auth.permission",
  "pk": 177,
  "fields": {
    "name": "Can change tagged item",
    "content_type": 45,
    "codename": "change_taggeditem"
  }
},
{
  "model": "auth.permission",
  "pk": 178,
  "fields": {
    "name": "Can delete tagged item",
    "content_type": 45,
    "codename": "delete_taggeditem"
  }
},
{
  "model": "auth.permission",
  "pk": 179,
  "fields": {
    "name": "Can view tagged item",
    "content_type": 45,
    "codename": "view_taggeditem"
  }
},
{
  "model": "auth.permission",
  "pk": 180,
  "fields": {
    "name": "Can add email address",
    "content_type": 46,
    "codename": "add_emailaddress"
  }
},
{
  "model": "auth.permission",
  "pk": 181,
  "fields": {
    "name": "Can change email address",
    "content_type": 46,
    "codename": "change_emailaddress"
  }
},
{
  "model": "auth.permission",
  "pk": 182,
  "fields": {
    "name": "Can delete email address",
    "content_type": 46,
    "codename": "delete_emailaddress"
  }
},
{
  "model": "auth.permission",
  "pk": 183,
  "fields": {
    "name": "Can view email address",
    "content_type": 46,
    "codename": "view_emailaddress"
  }
},
{
  "model": "auth.permission",
  "pk": 184,
  "fields": {
    "name": "Can add email confirmation",
    "content_type": 47,
    "codename": "add_emailconfirmation"
  }
},
{
  "model": "auth.permission",
  "pk": 185,
  "fields": {
    "name": "Can change email confirmation",
    "content_type": 47,
    "codename": "change_emailconfirmation"
  }
},
{
  "model": "auth.permission",
  "pk": 186,
  "fields": {
    "name": "Can delete email confirmation",
    "content_type": 47,
    "codename": "delete_emailconfirmation"
  }
},
{
  "model": "auth.permission",
  "pk": 187,
  "fields": {
    "name": "Can view email confirmation",
    "content_type": 47,
    "codename": "view_emailconfirmation"
  }
},
{
  "model": "auth.permission",
  "pk": 188,
  "fields": {
    "name": "Can add social account",
    "content_type": 48,
    "codename": "add_socialaccount"
  }
},
{
  "model": "auth.permission",
  "pk": 189,
  "fields": {
    "name": "Can change social account",
    "content_type": 48,
    "codename": "change_socialaccount"
  }
},
{
  "model": "auth.permission",
  "pk": 190,
  "fields": {
    "name": "Can delete social account",
    "content_type": 48,
    "codename": "delete_socialaccount"
  }
},
{
  "model": "auth.permission",
  "pk": 191,
  "fields": {
    "name": "Can view social account",
    "content_type": 48,
    "codename": "view_socialaccount"
  }
},
{
  "model": "auth.permission",
  "pk": 192,
  "fields": {
    "name": "Can add social application",
    "content_type": 49,
    "codename": "add_socialapp"
  }
},
{
  "model": "auth.permission",
  "pk": 193,
  "fields": {
    "name": "Can change social application",
    "content_type": 49,
    "codename": "change_socialapp"
  }
},
{
  "model": "auth.permission",
  "pk": 194,
  "fields": {
    "name": "Can delete social application",
    "content_type": 49,
    "codename": "delete_socialapp"
  }
},
{
  "model": "auth.permission",
  "pk": 195,
  "fields": {
    "name": "Can view social application",
    "content_type": 49,
    "codename": "view_socialapp"
  }
},
{
  "model": "auth.permission",
  "pk": 196,
  "fields": {
    "name": "Can add social application token",
    "content_type": 50,
    "codename": "add_socialtoken"
  }
},
{
  "model": "auth.permission",
  "pk": 197,
  "fields": {
    "name": "Can change social application token",
    "content_type": 50,
    "codename": "change_socialtoken"
  }
},
{
  "model": "auth.permission",
  "pk": 198,
  "fields": {
    "name": "Can delete social application token",
    "content_type": 50,
    "codename": "delete_socialtoken"
  }
},
{
  "model": "auth.permission",
  "pk": 199,
  "fields": {
    "name": "Can view social application token",
    "content_type": 50,
    "codename": "view_socialtoken"
  }
},
{
  "model": "auth.permission",
  "pk": 200,
  "fields": {
    "name": "Can add home page",
    "content_type": 51,
    "codename": "add_homepage"
  }
},
{
  "model": "auth.permission",
  "pk": 201,
  "fields": {
    "name": "Can change home page",
    "content_type": 51,
    "codename": "change_homepage"
  }
},
{
  "model": "auth.permission",
  "pk": 202,
  "fields": {
    "name": "Can delete home page",
    "content_type": 51,
    "codename": "delete_homepage"
  }
},
{
  "model": "auth.permission",
  "pk": 203,
  "fields": {
    "name": "Can view home page",
    "content_type": 51,
    "codename": "view_homepage"
  }
},
{
  "model": "auth.permission",
  "pk": 204,
  "fields": {
    "name": "Can add blog page",
    "content_type": 52,
    "codename": "add_blogpage"
  }
},
{
  "model": "auth.permission",
  "pk": 205,
  "fields": {
    "name": "Can change blog page",
    "content_type": 52,
    "codename": "change_blogpage"
  }
},
{
  "model": "auth.permission",
  "pk": 206,
  "fields": {
    "name": "Can delete blog page",
    "content_type": 52,
    "codename": "delete_blogpage"
  }
},
{
  "model": "auth.permission",
  "pk": 207,
  "fields": {
    "name": "Can view blog page",
    "content_type": 52,
    "codename": "view_blogpage"
  }
},
{
  "model": "auth.permission",
  "pk": 208,
  "fields": {
    "name": "Can add blog listing page",
    "content_type": 53,
    "codename": "add_bloglistingpage"
  }
},
{
  "model": "auth.permission",
  "pk": 209,
  "fields": {
    "name": "Can change blog listing page",
    "content_type": 53,
    "codename": "change_bloglistingpage"
  }
},
{
  "model": "auth.permission",
  "pk": 210,
  "fields": {
    "name": "Can delete blog listing page",
    "content_type": 53,
    "codename": "delete_bloglistingpage"
  }
},
{
  "model": "auth.permission",
  "pk": 211,
  "fields": {
    "name": "Can view blog listing page",
    "content_type": 53,
    "codename": "view_bloglistingpage"
  }
},
{
  "model": "auth.permission",
  "pk": 212,
  "fields": {
    "name": "Can add contact page",
    "content_type": 54,
    "codename": "add_contactpage"
  }
},
{
  "model": "auth.permission",
  "pk": 213,
  "fields": {
    "name": "Can change contact page",
    "content_type": 54,
    "codename": "change_contactpage"
  }
},
{
  "model": "auth.permission",
  "pk": 214,
  "fields": {
    "name": "Can delete contact page",
    "content_type": 54,
    "codename": "delete_contactpage"
  }
},
{
  "model": "auth.permission",
  "pk": 215,
  "fields": {
    "name": "Can view contact page",
    "content_type": 54,
    "codename": "view_contactpage"
  }
},
{
  "model": "auth.permission",
  "pk": 216,
  "fields": {
    "name": "Can add form field",
    "content_type": 55,
    "codename": "add_formfield"
  }
},
{
  "model": "auth.permission",
  "pk": 217,
  "fields": {
    "name": "Can change form field",
    "content_type": 55,
    "codename": "change_formfield"
  }
},
{
  "model": "auth.permission",
  "pk": 218,
  "fields": {
    "name": "Can delete form field",
    "content_type": 55,
    "codename": "delete_formfield"
  }
},
{
  "model": "auth.permission",
  "pk": 219,
  "fields": {
    "name": "Can view form field",
    "content_type": 55,
    "codename": "view_formfield"
  }
},
{
  "model": "auth.group",
  "pk": 1,
  "fields": {
    "name": "Moderators",
    "permissions": [
      5,
      6,
      7,
      9,
      8,
      1,
      2,
      3
    ]
  }
},
{
  "model": "auth.group",
  "pk": 2,
  "fields": {
    "name": "Editors",
    "permissions": [
      5,
      6,
      7,
      9,
      8,
      1,
      2,
      3
    ]
  }
},
{
  "model": "contenttypes.contenttype",
  "pk": 1,
  "fields": {
    "app_label": "wagtailcore",
    "model": "page"
  }
},
{
  "model": "contenttypes.contenttype",
  "pk": 2,
  "fields": {
    "app_label": "wagtailimages",
    "model": "image"
  }
},
{
  "model": "contenttypes.contenttype",
  "pk": 3,
  "fields": {
    "app_label": "wagtailcore",
    "model": "groupapprovaltask"
  }
},
{
  "model": "contenttypes.contenttype",
  "pk": 4,
  "fields": {
    "app_label": "wagtailadmin",
    "model": "admin"
  }
},
{
  "model": "contenttypes.contenttype",
  "pk": 5,
  "fields": {
    "app_label": "wagtaildocs",
    "model": "document"
  }
},
{
  "model": "contenttypes.contenttype",
  "pk": 6,
  "fields": {
    "app_label": "admin",
    "model": "logentry"
  }
},
{
  "model": "contenttypes.contenttype",
  "pk": 7,
  "fields": {
    "app_label": "auth",
    "model": "permission"
  }
},
{
  "model": "contenttypes.contenttype",
  "pk": 8,
  "fields": {
    "app_label": "auth",
    "model": "group"
  }
},
{
  "model": "contenttypes.contenttype",
  "pk": 9,
  "fields": {
    "app_label": "contenttypes",
    "model": "contenttype"
  }
},
{
  "model": "contenttypes.contenttype",
  "pk": 10,
  "fields": {
    "app_label": "sessions",
    "model": "session"
  }
},
{
  "model": "contenttypes.contenttype",
  "pk": 11,
  "fields": {
    "app_label": "sites",
    "model": "site"
  }
},
{
  "model": "contenttypes.contenttype",
  "pk": 12,
  "fields": {
    "app_label": "users",
    "model": "authorprofile"
  }
},
{
  "model": "contenttypes.contenttype",
  "pk": 13,
  "fields": {
    "app_label": "users",
    "model": "customuser"
  }
},
{
  "model": "contenttypes.contenttype",
  "pk": 14,
  "fields": {
    "app_label": "wagtailforms",
    "model": "formsubmission"
  }
},
{
  "model": "contenttypes.contenttype",
  "pk": 15,
  "fields": {
    "app_label": "wagtailredirects",
    "model": "redirect"
  }
},
{
  "model": "contenttypes.contenttype",
  "pk": 16,
  "fields": {
    "app_label": "wagtailembeds",
    "model": "embed"
  }
},
{
  "model": "contenttypes.contenttype",
  "pk": 17,
  "fields": {
    "app_label": "wagtailusers",
    "model": "userprofile"
  }
},
{
  "model": "contenttypes.contenttype",
  "pk": 18,
  "fields": {
    "app_label": "wagtaildocs",
    "model": "uploadeddocument"
  }
},
{
  "model": "contenttypes.contenttype",
  "pk": 19,
  "fields": {
    "app_label": "wagtailimages",
    "model": "rendition"
  }
},
{
  "model": "contenttypes.contenttype",
  "pk": 20,
  "fields": {
    "app_label": "wagtailimages",
    "model": "uploadedimage"
  }
},
{
  "model": "contenttypes.contenttype",
  "pk": 21,
  "fields": {
    "app_label": "wagtailsearch",
    "model": "query"
  }
},
{
  "model": "contenttypes.contenttype",
  "pk": 22,
  "fields": {
    "app_label": "wagtailsearch",
    "model": "querydailyhits"
  }
},
{
  "model": "contenttypes.contenttype",
  "pk": 23,
  "fields": {
    "app_label": "wagtailsearch",
    "model": "indexentry"
  }
},
{
  "model": "contenttypes.contenttype",
  "pk": 24,
  "fields": {
    "app_label": "wagtailsearch",
    "model": "sqliteftsindexentry"
  }
},
{
  "model": "contenttypes.contenttype",
  "pk": 25,
  "fields": {
    "app_label": "wagtailcore",
    "model": "grouppagepermission"
  }
},
{
  "model": "contenttypes.contenttype",
  "pk": 26,
  "fields": {
    "app_label": "wagtailcore",
    "model": "pagerevision"
  }
},
{
  "model": "contenttypes.contenttype",
  "pk": 27,
  "fields": {
    "app_label": "wagtailcore",
    "model": "pageviewrestriction"
  }
},
{
  "model": "contenttypes.contenttype",
  "pk": 28,
  "fields": {
    "app_label": "wagtailcore",
    "model": "site"
  }
},
{
  "model": "contenttypes.contenttype",
  "pk": 29,
  "fields": {
    "app_label": "wagtailcore",
    "model": "collection"
  }
},
{
  "model": "contenttypes.contenttype",
  "pk": 30,
  "fields": {
    "app_label": "wagtailcore",
    "model": "groupcollectionpermission"
  }
},
{
  "model": "contenttypes.contenttype",
  "pk": 31,
  "fields": {
    "app_label": "wagtailcore",
    "model": "collectionviewrestriction"
  }
},
{
  "model": "contenttypes.contenttype",
  "pk": 32,
  "fields": {
    "app_label": "wagtailcore",
    "model": "task"
  }
},
{
  "model": "contenttypes.contenttype",
  "pk": 33,
  "fields": {
    "app_label": "wagtailcore",
    "model": "taskstate"
  }
},
{
  "model": "contenttypes.contenttype",
  "pk": 34,
  "fields": {
    "app_label": "wagtailcore",
    "model": "workflow"
  }
},
{
  "model": "contenttypes.contenttype",
  "pk": 35,
  "fields": {
    "app_label": "wagtailcore",
    "model": "workflowstate"
  }
},
{
  "model": "contenttypes.contenttype",
  "pk": 36,
  "fields": {
    "app_label": "wagtailcore",
    "model": "workflowpage"
  }
},
{
  "model": "contenttypes.contenttype",
  "pk": 37,
  "fields": {
    "app_label": "wagtailcore",
    "model": "workflowtask"
  }
},
{
  "model": "contenttypes.contenttype",
  "pk": 38,
  "fields": {
    "app_label": "wagtailcore",
    "model": "pagelogentry"
  }
},
{
  "model": "contenttypes.contenttype",
  "pk": 39,
  "fields": {
    "app_label": "wagtailcore",
    "model": "locale"
  }
},
{
  "model": "contenttypes.contenttype",
  "pk": 40,
  "fields": {
    "app_label": "wagtailcore",
    "model": "comment"
  }
},
{
  "model": "contenttypes.contenttype",
  "pk": 41,
  "fields": {
    "app_label": "wagtailcore",
    "model": "commentreply"
  }
},
{
  "model": "contenttypes.contenttype",
  "pk": 42,
  "fields": {
    "app_label": "wagtailcore",
    "model": "pagesubscription"
  }
},
{
  "model": "contenttypes.contenttype",
  "pk": 43,
  "fields": {
    "app_label": "wagtailcore",
    "model": "modellogentry"
  }
},
{
  "model": "contenttypes.contenttype",
  "pk": 44,
  "fields": {
    "app_label": "taggit",
    "model": "tag"
  }
},
{
  "model": "contenttypes.contenttype",
  "pk": 45,
  "fields": {
    "app_label": "taggit",
    "model": "taggeditem"
  }
},
{
  "model": "contenttypes.contenttype",
  "pk": 46,
  "fields": {
    "app_label": "account",
    "model": "emailaddress"
  }
},
{
  "model": "contenttypes.contenttype",
  "pk": 47,
  "fields": {
    "app_label": "account",
    "model": "emailconfirmation"
  }
},
{
  "model": "contenttypes.contenttype",
  "pk": 48,
  "fields": {
    "app_label": "socialaccount",
    "model": "socialaccount"
  }
},
{
  "model": "contenttypes.contenttype",
  "pk": 49,
  "fields": {
    "app_label": "socialaccount",
    "model": "socialapp"
  }
},
{
  "model": "contenttypes.contenttype",
  "pk": 50,
  "fields": {
    "app_label": "socialaccount",
    "model": "socialtoken"
  }
},
{
  "model": "contenttypes.contenttype",
  "pk": 51,
  "fields": {
    "app_label": "home",
    "model": "homepage"
  }
},
{
  "model": "contenttypes.contenttype",
  "pk": 52,
  "fields": {
    "app_label": "blog",
    "model": "blogpage"
  }
},
{
  "model": "contenttypes.contenttype",
  "pk": 53,
  "fields": {
    "app_label": "blog",
    "model": "bloglistingpage"
  }
},
{
  "model": "contenttypes.contenttype",
  "pk": 54,
  "fields": {
    "app_label": "contact",
    "model": "contactpage"
  }
},
{
  "model": "contenttypes.contenttype",
  "pk": 55,
  "fields": {
    "app_label": "contact",
    "model": "formfield"
  }
},
{
  "model": "sites.site",
  "pk": 1,
  "fields": {
    "domain": "example.com",
    "name": "example.com"
  }
},
{
  "model": "users.customuser",
  "pk": 1,
  "fields": {
    "password": "pbkdf2_sha256$260000$jpiQ58eJylo4u9UTsasfpk$Qx0iAUE9wvIpsRY99UbH7wADvtPods79XgopJphKnSY=",
    "last_login": "2022-01-14T13:18:57.628Z",
    "is_superuser": true,
    "username": "kubo",
    "first_name": "",
    "last_name": "",
    "email": "",
    "is_staff": true,
    "is_active": true,
    "date_joined": "2022-01-14T11:43:54.727Z",
    "profile": null,
    "groups": [],
    "user_permissions": []
  }
},
{
  "model": "users.customuser",
  "pk": 2,
  "fields": {
    "password": "pbkdf2_sha256$260000$wamdL49G6UfAL1qoIQ3vPe$nBLDaFlSirrpi/BbZcTWR06cH5ZqZvrXXx0hVPyHhqw=",
    "last_login": "2022-01-14T13:15:22.214Z",
    "is_superuser": false,
    "username": "tester",
    "first_name": "Tester",
    "last_name": "TestovacÝ",
    "email": "animaculainfusoria@gmail.com",
    "is_staff": false,
    "is_active": true,
    "date_joined": "2022-01-14T12:35:18.962Z",
    "profile": null,
    "groups": [
      1,
      2
    ],
    "user_permissions": []
  }
},
{
  "model": "wagtailusers.userprofile",
  "pk": 1,
  "fields": {
    "user": 1,
    "submitted_notifications": true,
    "approved_notifications": true,
    "rejected_notifications": true,
    "updated_comments_notifications": true,
    "preferred_language": "",
    "current_time_zone": "",
    "avatar": ""
  }
},
{
  "model": "wagtailusers.userprofile",
  "pk": 2,
  "fields": {
    "user": 2,
    "submitted_notifications": true,
    "approved_notifications": true,
    "rejected_notifications": true,
    "updated_comments_notifications": true,
    "preferred_language": "",
    "current_time_zone": "",
    "avatar": ""
  }
},
{
  "model": "wagtailimages.image",
  "pk": 1,
  "fields": {
    "collection": 1,
    "title": "cob",
    "file": "original_images/cob.jpg",
    "width": 1200,
    "height": 675,
    "created_at": "2022-01-14T12:09:22.203Z",
    "uploaded_by_user": 1,
    "focal_point_x": null,
    "focal_point_y": null,
    "focal_point_width": null,
    "focal_point_height": null,
    "file_size": 126541,
    "file_hash": "48626c03cb62faa211605b10aa551180932e47a9"
  }
},
{
  "model": "wagtailimages.image",
  "pk": 2,
  "fields": {
    "collection": 1,
    "title": "800-x-500-50",
    "file": "original_images/800-x-500-50_oBzwLi9.jpg",
    "width": 800,
    "height": 500,
    "created_at": "2022-01-14T12:19:50.677Z",
    "uploaded_by_user": 1,
    "focal_point_x": null,
    "focal_point_y": null,
    "focal_point_width": null,
    "focal_point_height": null,
    "file_size": 8694,
    "file_hash": "9974dd6bb9146ef56f681686983e6cd8db588b45"
  }
},
{
  "model": "wagtailimages.rendition",
  "pk": 1,
  "fields": {
    "filter_spec": "max-165x165",
    "file": "images/cob.max-165x165.jpg",
    "width": 165,
    "height": 92,
    "focal_point_key": "",
    "image": 1
  }
},
{
  "model": "wagtailimages.rendition",
  "pk": 2,
  "fields": {
    "filter_spec": "fill-1600x800",
    "file": "images/cob.2e16d0ba.fill-1600x800.jpg",
    "width": 1200,
    "height": 601,
    "focal_point_key": "2e16d0ba",
    "image": 1
  }
},
{
  "model": "wagtailimages.rendition",
  "pk": 3,
  "fields": {
    "filter_spec": "max-165x165",
    "file": "images/800-x-500-50_oBzwLi9.max-165x165.jpg",
    "width": 165,
    "height": 103,
    "focal_point_key": "",
    "image": 2
  }
},
{
  "model": "wagtailimages.rendition",
  "pk": 4,
  "fields": {
    "filter_spec": "fill-1600x800",
    "file": "images/800-x-500-50_oBzwLi9.2e16d0ba.fill-1600x800.jpg",
    "width": 800,
    "height": 400,
    "focal_point_key": "2e16d0ba",
    "image": 2
  }
},
{
  "model": "wagtailsearch.sqliteftsindexentry",
  "pk": 2,
  "fields": {
    "autocomplete": "cob",
    "title": "cob",
    "body": ""
  }
},
{
  "model": "wagtailsearch.sqliteftsindexentry",
  "pk": 4,
  "fields": {
    "autocomplete": "Root",
    "title": "Root",
    "body": ""
  }
},
{
  "model": "wagtailsearch.sqliteftsindexentry",
  "pk": 5,
  "fields": {
    "autocomplete": "MusicNews",
    "title": "MusicNews",
    "body": ""
  }
},
{
  "model": "wagtailsearch.sqliteftsindexentry",
  "pk": 6,
  "fields": {
    "autocomplete": "800-x-500-50",
    "title": "800-x-500-50",
    "body": ""
  }
},
{
  "model": "wagtailsearch.sqliteftsindexentry",
  "pk": 7,
  "fields": {
    "autocomplete": "Blog",
    "title": "Blog",
    "body": ""
  }
},
{
  "model": "wagtailsearch.sqliteftsindexentry",
  "pk": 9,
  "fields": {
    "autocomplete": "asaf",
    "title": "asaf",
    "body": ""
  }
},
{
  "model": "wagtailsearch.sqliteftsindexentry",
  "pk": 10,
  "fields": {
    "autocomplete": "gwah",
    "title": "gwah",
    "body": ""
  }
},
{
  "model": "wagtailsearch.indexentry",
  "pk": 2,
  "fields": {
    "content_type": 2,
    "object_id": "1",
    "title_norm": 2.6666666666666665,
    "autocomplete": "cob",
    "title": "cob",
    "body": ""
  }
},
{
  "model": "wagtailsearch.indexentry",
  "pk": 4,
  "fields": {
    "content_type": 1,
    "object_id": "1",
    "title_norm": 1.375,
    "autocomplete": "Root",
    "title": "Root",
    "body": ""
  }
},
{
  "model": "wagtailsearch.indexentry",
  "pk": 5,
  "fields": {
    "content_type": 51,
    "object_id": "4",
    "title_norm": 0.5925925925925926,
    "autocomplete": "MusicNews",
    "title": "MusicNews",
    "body": ""
  }
},
{
  "model": "wagtailsearch.indexentry",
  "pk": 6,
  "fields": {
    "content_type": 2,
    "object_id": "2",
    "title_norm": 0.5833333333333334,
    "autocomplete": "800-x-500-50",
    "title": "800-x-500-50",
    "body": ""
  }
},
{
  "model": "wagtailsearch.indexentry",
  "pk": 7,
  "fields": {
    "content_type": 53,
    "object_id": "5",
    "title_norm": 1.6,
    "autocomplete": "Blog",
    "title": "Blog",
    "body": ""
  }
},
{
  "model": "wagtailsearch.indexentry",
  "pk": 9,
  "fields": {
    "content_type": 54,
    "object_id": "7",
    "title_norm": 1.5,
    "autocomplete": "asaf",
    "title": "asaf",
    "body": ""
  }
},
{
  "model": "wagtailsearch.indexentry",
  "pk": 10,
  "fields": {
    "content_type": 52,
    "object_id": "8",
    "title_norm": 1.4285714285714286,
    "autocomplete": "gwah",
    "title": "gwah",
    "body": ""
  }
},
{
  "model": "wagtailcore.site",
  "pk": 2,
  "fields": {
    "hostname": "MusicNews",
    "port": 80,
    "site_name": "MusicNews",
    "root_page": 4,
    "is_default_site": true
  }
},
{
  "model": "wagtailcore.modellogentry",
  "pk": 1,
  "fields": {
    "content_type": 28,
    "label": "localhost [default]",
    "action": "wagtail.edit",
    "data_json": "\"\"",
    "timestamp": "2022-01-14T12:08:32.735Z",
    "uuid": "39bb4b4c-fa90-4ffb-a196-c3b8664dc692",
    "user": 1,
    "content_changed": false,
    "deleted": false,
    "object_id": "1"
  }
},
{
  "model": "wagtailcore.modellogentry",
  "pk": 2,
  "fields": {
    "content_type": 28,
    "label": "localhost [default]",
    "action": "wagtail.edit",
    "data_json": "\"\"",
    "timestamp": "2022-01-14T12:10:03.002Z",
    "uuid": "d988e7c5-c1e5-4bd3-af3c-fb3901e7c91e",
    "user": 1,
    "content_changed": false,
    "deleted": false,
    "object_id": "1"
  }
},
{
  "model": "wagtailcore.modellogentry",
  "pk": 3,
  "fields": {
    "content_type": 28,
    "label": "localhost [default]",
    "action": "wagtail.edit",
    "data_json": "\"\"",
    "timestamp": "2022-01-14T12:10:25.459Z",
    "uuid": "fc08b7af-00ec-430f-8a69-bca0ff344e2b",
    "user": 1,
    "content_changed": false,
    "deleted": false,
    "object_id": "1"
  }
},
{
  "model": "wagtailcore.modellogentry",
  "pk": 4,
  "fields": {
    "content_type": 28,
    "label": "MusicBlog [default]",
    "action": "wagtail.edit",
    "data_json": "\"\"",
    "timestamp": "2022-01-14T12:10:54.525Z",
    "uuid": "9c72d10a-fc6b-4527-bf44-fb35af9135bc",
    "user": 1,
    "content_changed": false,
    "deleted": false,
    "object_id": "1"
  }
},
{
  "model": "wagtailcore.modellogentry",
  "pk": 5,
  "fields": {
    "content_type": 28,
    "label": "MusicNews",
    "action": "wagtail.create",
    "data_json": "\"\"",
    "timestamp": "2022-01-14T12:15:47.361Z",
    "uuid": "e78718f1-e27d-40c7-aade-8b501112c56b",
    "user": 1,
    "content_changed": false,
    "deleted": false,
    "object_id": "2"
  }
},
{
  "model": "wagtailcore.modellogentry",
  "pk": 6,
  "fields": {
    "content_type": 28,
    "label": "MusicNews [default]",
    "action": "wagtail.edit",
    "data_json": "\"\"",
    "timestamp": "2022-01-14T12:16:39.450Z",
    "uuid": "dfd0501b-87f0-49a0-baaa-5f4c00a47ba7",
    "user": 1,
    "content_changed": false,
    "deleted": false,
    "object_id": "2"
  }
},
{
  "model": "wagtailcore.modellogentry",
  "pk": 7,
  "fields": {
    "content_type": 13,
    "label": "tester",
    "action": "wagtail.create",
    "data_json": "\"\"",
    "timestamp": "2022-01-14T12:35:19.281Z",
    "uuid": "f260f412-c3ff-4fda-a97b-56125718b09d",
    "user": 1,
    "content_changed": false,
    "deleted": false,
    "object_id": "2"
  }
},
{
  "model": "wagtailcore.collection",
  "pk": 1,
  "fields": {
    "path": "0001",
    "depth": 1,
    "numchild": 0,
    "name": "Root"
  }
},
{
  "model": "wagtailcore.groupcollectionpermission",
  "pk": 1,
  "fields": {
    "group": 2,
    "collection": 1,
    "permission": 1
  }
},
{
  "model": "wagtailcore.groupcollectionpermission",
  "pk": 2,
  "fields": {
    "group": 1,
    "collection": 1,
    "permission": 1
  }
},
{
  "model": "wagtailcore.groupcollectionpermission",
  "pk": 3,
  "fields": {
    "group": 2,
    "collection": 1,
    "permission": 2
  }
},
{
  "model": "wagtailcore.groupcollectionpermission",
  "pk": 4,
  "fields": {
    "group": 1,
    "collection": 1,
    "permission": 2
  }
},
{
  "model": "wagtailcore.groupcollectionpermission",
  "pk": 5,
  "fields": {
    "group": 2,
    "collection": 1,
    "permission": 6
  }
},
{
  "model": "wagtailcore.groupcollectionpermission",
  "pk": 6,
  "fields": {
    "group": 1,
    "collection": 1,
    "permission": 6
  }
},
{
  "model": "wagtailcore.groupcollectionpermission",
  "pk": 7,
  "fields": {
    "group": 2,
    "collection": 1,
    "permission": 7
  }
},
{
  "model": "wagtailcore.groupcollectionpermission",
  "pk": 8,
  "fields": {
    "group": 1,
    "collection": 1,
    "permission": 7
  }
},
{
  "model": "wagtailcore.groupcollectionpermission",
  "pk": 9,
  "fields": {
    "group": 2,
    "collection": 1,
    "permission": 9
  }
},
{
  "model": "wagtailcore.groupcollectionpermission",
  "pk": 10,
  "fields": {
    "group": 1,
    "collection": 1,
    "permission": 9
  }
},
{
  "model": "wagtailcore.locale",
  "pk": 1,
  "fields": {
    "language_code": "en"
  }
},
{
  "model": "wagtailcore.page",
  "pk": 1,
  "fields": {
    "path": "0001",
    "depth": 1,
    "numchild": 1,
    "translation_key": "d090d374-c906-4498-99a9-cee85a92b946",
    "locale": 1,
    "title": "Root",
    "draft_title": "Root",
    "slug": "root",
    "content_type": 1,
    "live": true,
    "has_unpublished_changes": false,
    "url_path": "/",
    "owner": null,
    "seo_title": "",
    "show_in_menus": false,
    "search_description": "",
    "go_live_at": null,
    "expire_at": null,
    "expired": false,
    "locked": false,
    "locked_at": null,
    "locked_by": null,
    "first_published_at": null,
    "last_published_at": null,
    "latest_revision_created_at": null,
    "live_revision": null,
    "alias_of": null
  }
},
{
  "model": "wagtailcore.page",
  "pk": 4,
  "fields": {
    "path": "00010001",
    "depth": 2,
    "numchild": 2,
    "translation_key": "21c223c6-f107-4463-91d0-fea1bc90855c",
    "locale": 1,
    "title": "MusicNews",
    "draft_title": "MusicNews",
    "slug": "home",
    "content_type": 51,
    "live": true,
    "has_unpublished_changes": false,
    "url_path": "/home/",
    "owner": 1,
    "seo_title": "",
    "show_in_menus": false,
    "search_description": "",
    "go_live_at": null,
    "expire_at": null,
    "expired": false,
    "locked": false,
    "locked_at": null,
    "locked_by": null,
    "first_published_at": "2022-01-14T12:14:56.139Z",
    "last_published_at": "2022-01-14T12:22:53.579Z",
    "latest_revision_created_at": "2022-01-14T12:22:52.795Z",
    "live_revision": 6,
    "alias_of": null
  }
},
{
  "model": "wagtailcore.page",
  "pk": 5,
  "fields": {
    "path": "000100010001",
    "depth": 3,
    "numchild": 1,
    "translation_key": "a7231cd5-da80-424d-9d90-8eb1d49b956a",
    "locale": 1,
    "title": "Blog",
    "draft_title": "Blog",
    "slug": "blog",
    "content_type": 53,
    "live": true,
    "has_unpublished_changes": false,
    "url_path": "/home/blog/",
    "owner": 1,
    "seo_title": "",
    "show_in_menus": false,
    "search_description": "",
    "go_live_at": null,
    "expire_at": null,
    "expired": false,
    "locked": false,
    "locked_at": null,
    "locked_by": null,
    "first_published_at": "2022-01-14T12:19:58.030Z",
    "last_published_at": "2022-01-14T12:19:58.030Z",
    "latest_revision_created_at": "2022-01-14T12:19:56.942Z",
    "live_revision": 4,
    "alias_of": null
  }
},
{
  "model": "wagtailcore.page",
  "pk": 7,
  "fields": {
    "path": "000100010002",
    "depth": 3,
    "numchild": 0,
    "translation_key": "239e9ad7-0a45-42ef-9fb5-00f4770449e7",
    "locale": 1,
    "title": "asaf",
    "draft_title": "asaf",
    "slug": "kontakt",
    "content_type": 54,
    "live": true,
    "has_unpublished_changes": false,
    "url_path": "/home/kontakt/",
    "owner": 1,
    "seo_title": "",
    "show_in_menus": false,
    "search_description": "",
    "go_live_at": null,
    "expire_at": null,
    "expired": false,
    "locked": false,
    "locked_at": null,
    "locked_by": null,
    "first_published_at": "2022-01-14T12:29:31.209Z",
    "last_published_at": "2022-01-14T12:29:47.286Z",
    "latest_revision_created_at": "2022-01-14T12:29:45.965Z",
    "live_revision": 10,
    "alias_of": null
  }
},
{
  "model": "wagtailcore.page",
  "pk": 8,
  "fields": {
    "path": "0001000100010001",
    "depth": 4,
    "numchild": 0,
    "translation_key": "c3998796-f653-448d-8216-32e5d518cd3e",
    "locale": 1,
    "title": "gwah",
    "draft_title": "gwah",
    "slug": "gwah",
    "content_type": 52,
    "live": true,
    "has_unpublished_changes": false,
    "url_path": "/home/blog/gwah/",
    "owner": 1,
    "seo_title": "",
    "show_in_menus": false,
    "search_description": "",
    "go_live_at": null,
    "expire_at": null,
    "expired": false,
    "locked": false,
    "locked_at": null,
    "locked_by": null,
    "first_published_at": "2022-01-14T12:33:34.990Z",
    "last_published_at": "2022-01-14T12:33:34.990Z",
    "latest_revision_created_at": "2022-01-14T12:33:33.899Z",
    "live_revision": 11,
    "alias_of": null
  }
},
{
  "model": "wagtailcore.pagerevision",
  "pk": 3,
  "fields": {
    "page": 4,
    "submitted_for_moderation": false,
    "created_at": "2022-01-14T12:14:54.633Z",
    "user": 1,
    "content_json": "{\"pk\": 4, \"path\": \"00010001\", \"depth\": 2, \"numchild\": 0, \"translation_key\": \"21c223c6-f107-4463-91d0-fea1bc90855c\", \"locale\": 1, \"title\": \"MusicNews\", \"draft_title\": \"MusicNews\", \"slug\": \"musicnews\", \"content_type\": 51, \"live\": true, \"has_unpublished_changes\": false, \"url_path\": \"/musicnews/\", \"owner\": 1, \"seo_title\": \"\", \"show_in_menus\": false, \"search_description\": \"\", \"go_live_at\": null, \"expire_at\": null, \"expired\": false, \"locked\": false, \"locked_at\": null, \"locked_by\": null, \"first_published_at\": null, \"last_published_at\": null, \"latest_revision_created_at\": null, \"live_revision\": null, \"alias_of\": null, \"background_image\": 1, \"hero_title\": \"A\", \"hero_subtitle\": \"B\", \"cta_btn_text\": \"Learn MoreC\", \"cta_btn_link\": null, \"wagtail_admin_comments\": []}",
    "approved_go_live_at": null
  }
},
{
  "model": "wagtailcore.pagerevision",
  "pk": 4,
  "fields": {
    "page": 5,
    "submitted_for_moderation": false,
    "created_at": "2022-01-14T12:19:56.942Z",
    "user": 1,
    "content_json": "{\"pk\": 5, \"path\": \"000100010001\", \"depth\": 3, \"numchild\": 0, \"translation_key\": \"a7231cd5-da80-424d-9d90-8eb1d49b956a\", \"locale\": 1, \"title\": \"Blog\", \"draft_title\": \"Blog\", \"slug\": \"blog\", \"content_type\": 53, \"live\": true, \"has_unpublished_changes\": false, \"url_path\": \"/musicnews/blog/\", \"owner\": 1, \"seo_title\": \"\", \"show_in_menus\": false, \"search_description\": \"\", \"go_live_at\": null, \"expire_at\": null, \"expired\": false, \"locked\": false, \"locked_at\": null, \"locked_by\": null, \"first_published_at\": null, \"last_published_at\": null, \"latest_revision_created_at\": null, \"live_revision\": null, \"alias_of\": null, \"background_image\": 2, \"headline_text\": \"\\u010cl\\u00e1nky\", \"wagtail_admin_comments\": []}",
    "approved_go_live_at": null
  }
},
{
  "model": "wagtailcore.pagerevision",
  "pk": 5,
  "fields": {
    "page": 4,
    "submitted_for_moderation": false,
    "created_at": "2022-01-14T12:20:31.129Z",
    "user": 1,
    "content_json": "{\"pk\": 4, \"path\": \"00010001\", \"depth\": 2, \"numchild\": 1, \"translation_key\": \"21c223c6-f107-4463-91d0-fea1bc90855c\", \"locale\": 1, \"title\": \"MusicNews\", \"draft_title\": \"MusicNews\", \"slug\": \"musicnews\", \"content_type\": 51, \"live\": true, \"has_unpublished_changes\": false, \"url_path\": \"/musicnews/\", \"owner\": 1, \"seo_title\": \"\", \"show_in_menus\": false, \"search_description\": \"\", \"go_live_at\": null, \"expire_at\": null, \"expired\": false, \"locked\": false, \"locked_at\": null, \"locked_by\": null, \"first_published_at\": \"2022-01-14T12:14:56.139Z\", \"last_published_at\": \"2022-01-14T12:14:56.139Z\", \"latest_revision_created_at\": \"2022-01-14T12:14:54.633Z\", \"live_revision\": 3, \"alias_of\": null, \"background_image\": 1, \"hero_title\": \"A\", \"hero_subtitle\": \"B\", \"cta_btn_text\": \"Learn MoreC\", \"cta_btn_link\": 5, \"wagtail_admin_comments\": []}",
    "approved_go_live_at": null
  }
},
{
  "model": "wagtailcore.pagerevision",
  "pk": 6,
  "fields": {
    "page": 4,
    "submitted_for_moderation": false,
    "created_at": "2022-01-14T12:22:52.795Z",
    "user": 1,
    "content_json": "{\"pk\": 4, \"path\": \"00010001\", \"depth\": 2, \"numchild\": 1, \"translation_key\": \"21c223c6-f107-4463-91d0-fea1bc90855c\", \"locale\": 1, \"title\": \"MusicNews\", \"draft_title\": \"MusicNews\", \"slug\": \"home\", \"content_type\": 51, \"live\": true, \"has_unpublished_changes\": false, \"url_path\": \"/musicnews/\", \"owner\": 1, \"seo_title\": \"\", \"show_in_menus\": false, \"search_description\": \"\", \"go_live_at\": null, \"expire_at\": null, \"expired\": false, \"locked\": false, \"locked_at\": null, \"locked_by\": null, \"first_published_at\": \"2022-01-14T12:14:56.139Z\", \"last_published_at\": \"2022-01-14T12:20:32.479Z\", \"latest_revision_created_at\": \"2022-01-14T12:20:31.129Z\", \"live_revision\": 5, \"alias_of\": null, \"background_image\": 1, \"hero_title\": \"A\", \"hero_subtitle\": \"B\", \"cta_btn_text\": \"Learn MoreC\", \"cta_btn_link\": 5, \"wagtail_admin_comments\": []}",
    "approved_go_live_at": null
  }
},
{
  "model": "wagtailcore.pagerevision",
  "pk": 9,
  "fields": {
    "page": 7,
    "submitted_for_moderation": false,
    "created_at": "2022-01-14T12:29:30.284Z",
    "user": 1,
    "content_json": "{\"pk\": 7, \"path\": \"000100010002\", \"depth\": 3, \"numchild\": 0, \"translation_key\": \"239e9ad7-0a45-42ef-9fb5-00f4770449e7\", \"locale\": 1, \"title\": \"asaf\", \"draft_title\": \"asaf\", \"slug\": \"asaf\", \"content_type\": 54, \"live\": true, \"has_unpublished_changes\": false, \"url_path\": \"/home/asaf/\", \"owner\": 1, \"seo_title\": \"\", \"show_in_menus\": false, \"search_description\": \"\", \"go_live_at\": null, \"expire_at\": null, \"expired\": false, \"locked\": false, \"locked_at\": null, \"locked_by\": null, \"first_published_at\": null, \"last_published_at\": null, \"latest_revision_created_at\": null, \"live_revision\": null, \"alias_of\": null, \"to_address\": \"kubolehotsky@gmail.com\", \"from_address\": \"dsf@ewtwe.com\", \"subject\": \"gwg\", \"intro\": \"<p data-block-key=\\\"72j5q\\\">fgeg</p>\", \"thank_you_text\": \"\", \"wagtail_admin_comments\": [], \"form_fields\": [{\"pk\": 4, \"sort_order\": 0, \"clean_name\": \"meno\", \"label\": \"meno\", \"field_type\": \"singleline\", \"required\": true, \"choices\": \"\", \"default_value\": \"\", \"help_text\": \"\", \"page\": 7}, {\"pk\": 5, \"sort_order\": 1, \"clean_name\": \"e_mail\", \"label\": \"E-mail\", \"field_type\": \"singleline\", \"required\": true, \"choices\": \"\", \"default_value\": \"\", \"help_text\": \"\", \"page\": 7}, {\"pk\": 6, \"sort_order\": 2, \"clean_name\": \"sprava_pre_nas\", \"label\": \"Spr\\u00e1va pre n\\u00e1s\", \"field_type\": \"multiline\", \"required\": true, \"choices\": \"\", \"default_value\": \"\", \"help_text\": \"\", \"page\": 7}]}",
    "approved_go_live_at": null
  }
},
{
  "model": "wagtailcore.pagerevision",
  "pk": 10,
  "fields": {
    "page": 7,
    "submitted_for_moderation": false,
    "created_at": "2022-01-14T12:29:45.965Z",
    "user": 1,
    "content_json": "{\"pk\": 7, \"path\": \"000100010002\", \"depth\": 3, \"numchild\": 0, \"translation_key\": \"239e9ad7-0a45-42ef-9fb5-00f4770449e7\", \"locale\": 1, \"title\": \"asaf\", \"draft_title\": \"asaf\", \"slug\": \"kontakt\", \"content_type\": 54, \"live\": true, \"has_unpublished_changes\": false, \"url_path\": \"/home/asaf/\", \"owner\": 1, \"seo_title\": \"\", \"show_in_menus\": false, \"search_description\": \"\", \"go_live_at\": null, \"expire_at\": null, \"expired\": false, \"locked\": false, \"locked_at\": null, \"locked_by\": null, \"first_published_at\": \"2022-01-14T12:29:31.209Z\", \"last_published_at\": \"2022-01-14T12:29:31.209Z\", \"latest_revision_created_at\": \"2022-01-14T12:29:30.284Z\", \"live_revision\": 9, \"alias_of\": null, \"to_address\": \"kubolehotsky@gmail.com\", \"from_address\": \"dsf@ewtwe.com\", \"subject\": \"gwg\", \"intro\": \"<p data-block-key=\\\"72j5q\\\">fgeg</p>\", \"thank_you_text\": \"\", \"wagtail_admin_comments\": [], \"form_fields\": [{\"pk\": 4, \"sort_order\": 0, \"clean_name\": \"meno\", \"label\": \"meno\", \"field_type\": \"singleline\", \"required\": true, \"choices\": \"\", \"default_value\": \"\", \"help_text\": \"\", \"page\": 7}, {\"pk\": 5, \"sort_order\": 1, \"clean_name\": \"e_mail\", \"label\": \"E-mail\", \"field_type\": \"singleline\", \"required\": true, \"choices\": \"\", \"default_value\": \"\", \"help_text\": \"\", \"page\": 7}, {\"pk\": 6, \"sort_order\": 2, \"clean_name\": \"sprava_pre_nas\", \"label\": \"Spr\\u00e1va pre n\\u00e1s\", \"field_type\": \"multiline\", \"required\": true, \"choices\": \"\", \"default_value\": \"\", \"help_text\": \"\", \"page\": 7}]}",
    "approved_go_live_at": null
  }
},
{
  "model": "wagtailcore.pagerevision",
  "pk": 11,
  "fields": {
    "page": 8,
    "submitted_for_moderation": false,
    "created_at": "2022-01-14T12:33:33.899Z",
    "user": 1,
    "content_json": "{\"pk\": 8, \"path\": \"0001000100010001\", \"depth\": 4, \"numchild\": 0, \"translation_key\": \"c3998796-f653-448d-8216-32e5d518cd3e\", \"locale\": 1, \"title\": \"gwah\", \"draft_title\": \"gwah\", \"slug\": \"gwah\", \"content_type\": 52, \"live\": true, \"has_unpublished_changes\": false, \"url_path\": \"/home/blog/gwah/\", \"owner\": 1, \"seo_title\": \"\", \"show_in_menus\": false, \"search_description\": \"\", \"go_live_at\": null, \"expire_at\": null, \"expired\": false, \"locked\": false, \"locked_at\": null, \"locked_by\": null, \"first_published_at\": null, \"last_published_at\": null, \"latest_revision_created_at\": null, \"live_revision\": null, \"alias_of\": null, \"date\": \"2022-01-11\", \"intro\": \"herh\", \"body\": \"<p data-block-key=\\\"0euyi\\\">ewgweg</p>\", \"wagtail_admin_comments\": []}",
    "approved_go_live_at": null
  }
},
{
  "model": "wagtailcore.grouppagepermission",
  "pk": 1,
  "fields": {
    "group": 1,
    "page": 1,
    "permission_type": "add"
  }
},
{
  "model": "wagtailcore.grouppagepermission",
  "pk": 2,
  "fields": {
    "group": 1,
    "page": 1,
    "permission_type": "edit"
  }
},
{
  "model": "wagtailcore.grouppagepermission",
  "pk": 3,
  "fields": {
    "group": 1,
    "page": 1,
    "permission_type": "publish"
  }
},
{
  "model": "wagtailcore.grouppagepermission",
  "pk": 4,
  "fields": {
    "group": 2,
    "page": 1,
    "permission_type": "add"
  }
},
{
  "model": "wagtailcore.grouppagepermission",
  "pk": 5,
  "fields": {
    "group": 2,
    "page": 1,
    "permission_type": "edit"
  }
},
{
  "model": "wagtailcore.grouppagepermission",
  "pk": 6,
  "fields": {
    "group": 1,
    "page": 1,
    "permission_type": "lock"
  }
},
{
  "model": "wagtailcore.grouppagepermission",
  "pk": 7,
  "fields": {
    "group": 1,
    "page": 1,
    "permission_type": "unlock"
  }
},
{
  "model": "wagtailcore.workflowpage",
  "pk": 1,
  "fields": {
    "workflow": 1
  }
},
{
  "model": "wagtailcore.workflowtask",
  "pk": 1,
  "fields": {
    "sort_order": 0,
    "workflow": 1,
    "task": 1
  }
},
{
  "model": "wagtailcore.task",
  "pk": 1,
  "fields": {
    "name": "Moderators approval",
    "content_type": 3,
    "active": true
  }
},
{
  "model": "wagtailcore.workflow",
  "pk": 1,
  "fields": {
    "name": "Moderators approval",
    "active": true
  }
},
{
  "model": "wagtailcore.groupapprovaltask",
  "pk": 1,
  "fields": {
    "groups": [
      1
    ]
  }
},
{
  "model": "wagtailcore.pagelogentry",
  "pk": 1,
  "fields": {
    "content_type": 1,
    "label": "Dev Portfolio",
    "action": "wagtail.edit",
    "data_json": "\"\"",
    "timestamp": "2022-01-14T12:07:53.646Z",
    "uuid": "ef1ec876-603a-4b13-8489-16ad6c7b81bc",
    "user": 1,
    "content_changed": true,
    "deleted": false,
    "page": 2,
    "revision": 1
  }
},
{
  "model": "wagtailcore.pagelogentry",
  "pk": 2,
  "fields": {
    "content_type": 1,
    "label": "Dev Portfolio",
    "action": "wagtail.publish",
    "data_json": "null",
    "timestamp": "2022-01-14T12:07:55.015Z",
    "uuid": "ef1ec876-603a-4b13-8489-16ad6c7b81bc",
    "user": 1,
    "content_changed": true,
    "deleted": false,
    "page": 2,
    "revision": 1
  }
},
{
  "model": "wagtailcore.pagelogentry",
  "pk": 3,
  "fields": {
    "content_type": 51,
    "label": "dd",
    "action": "wagtail.create",
    "data_json": "\"\"",
    "timestamp": "2022-01-14T12:09:35.694Z",
    "uuid": "c58d4a16-9a0a-4051-bd3f-46da95c52bd4",
    "user": 1,
    "content_changed": true,
    "deleted": false,
    "page": 3,
    "revision": null
  }
},
{
  "model": "wagtailcore.pagelogentry",
  "pk": 4,
  "fields": {
    "content_type": 51,
    "label": "dd",
    "action": "wagtail.publish",
    "data_json": "null",
    "timestamp": "2022-01-14T12:09:37.154Z",
    "uuid": "c58d4a16-9a0a-4051-bd3f-46da95c52bd4",
    "user": 1,
    "content_changed": true,
    "deleted": false,
    "page": 3,
    "revision": 2
  }
},
{
  "model": "wagtailcore.pagelogentry",
  "pk": 5,
  "fields": {
    "content_type": 51,
    "label": "dd",
    "action": "wagtail.delete",
    "data_json": "\"\"",
    "timestamp": "2022-01-14T12:13:58.940Z",
    "uuid": "ed6b0271-0179-4dcb-81bd-07071a9204b8",
    "user": 1,
    "content_changed": false,
    "deleted": true,
    "page": 3,
    "revision": null
  }
},
{
  "model": "wagtailcore.pagelogentry",
  "pk": 6,
  "fields": {
    "content_type": 1,
    "label": "Dev Portfolio",
    "action": "wagtail.delete",
    "data_json": "\"\"",
    "timestamp": "2022-01-14T12:13:58.946Z",
    "uuid": "ed6b0271-0179-4dcb-81bd-07071a9204b8",
    "user": 1,
    "content_changed": false,
    "deleted": true,
    "page": 2,
    "revision": null
  }
},
{
  "model": "wagtailcore.pagelogentry",
  "pk": 7,
  "fields": {
    "content_type": 51,
    "label": "MusicNews",
    "action": "wagtail.create",
    "data_json": "\"\"",
    "timestamp": "2022-01-14T12:14:54.178Z",
    "uuid": "22f0319d-ecbc-49e9-be92-ce122d3d942d",
    "user": 1,
    "content_changed": true,
    "deleted": false,
    "page": 4,
    "revision": null
  }
},
{
  "model": "wagtailcore.pagelogentry",
  "pk": 8,
  "fields": {
    "content_type": 51,
    "label": "MusicNews",
    "action": "wagtail.publish",
    "data_json": "null",
    "timestamp": "2022-01-14T12:14:56.781Z",
    "uuid": "22f0319d-ecbc-49e9-be92-ce122d3d942d",
    "user": 1,
    "content_changed": true,
    "deleted": false,
    "page": 4,
    "revision": 3
  }
},
{
  "model": "wagtailcore.pagelogentry",
  "pk": 9,
  "fields": {
    "content_type": 53,
    "label": "Blog",
    "action": "wagtail.create",
    "data_json": "\"\"",
    "timestamp": "2022-01-14T12:19:56.637Z",
    "uuid": "213ace43-c694-4c32-b79b-904ad655ec25",
    "user": 1,
    "content_changed": true,
    "deleted": false,
    "page": 5,
    "revision": null
  }
},
{
  "model": "wagtailcore.pagelogentry",
  "pk": 10,
  "fields": {
    "content_type": 53,
    "label": "Blog",
    "action": "wagtail.publish",
    "data_json": "null",
    "timestamp": "2022-01-14T12:19:58.460Z",
    "uuid": "213ace43-c694-4c32-b79b-904ad655ec25",
    "user": 1,
    "content_changed": true,
    "deleted": false,
    "page": 5,
    "revision": 4
  }
},
{
  "model": "wagtailcore.pagelogentry",
  "pk": 11,
  "fields": {
    "content_type": 51,
    "label": "MusicNews",
    "action": "wagtail.edit",
    "data_json": "\"\"",
    "timestamp": "2022-01-14T12:20:31.850Z",
    "uuid": "09de4e4d-0e87-4d41-b54a-02663e08628b",
    "user": 1,
    "content_changed": true,
    "deleted": false,
    "page": 4,
    "revision": 5
  }
},
{
  "model": "wagtailcore.pagelogentry",
  "pk": 12,
  "fields": {
    "content_type": 51,
    "label": "MusicNews",
    "action": "wagtail.publish",
    "data_json": "null",
    "timestamp": "2022-01-14T12:20:33.253Z",
    "uuid": "09de4e4d-0e87-4d41-b54a-02663e08628b",
    "user": 1,
    "content_changed": true,
    "deleted": false,
    "page": 4,
    "revision": 5
  }
},
{
  "model": "wagtailcore.pagelogentry",
  "pk": 13,
  "fields": {
    "content_type": 51,
    "label": "MusicNews",
    "action": "wagtail.edit",
    "data_json": "\"\"",
    "timestamp": "2022-01-14T12:22:53.174Z",
    "uuid": "6ae9a4c0-d8c9-4abb-9b7d-66282b15f206",
    "user": 1,
    "content_changed": true,
    "deleted": false,
    "page": 4,
    "revision": 6
  }
},
{
  "model": "wagtailcore.pagelogentry",
  "pk": 14,
  "fields": {
    "content_type": 51,
    "label": "MusicNews",
    "action": "wagtail.publish",
    "data_json": "null",
    "timestamp": "2022-01-14T12:22:54.003Z",
    "uuid": "6ae9a4c0-d8c9-4abb-9b7d-66282b15f206",
    "user": 1,
    "content_changed": true,
    "deleted": false,
    "page": 4,
    "revision": 6
  }
},
{
  "model": "wagtailcore.pagelogentry",
  "pk": 15,
  "fields": {
    "content_type": 54,
    "label": "kontaktujte nas",
    "action": "wagtail.create",
    "data_json": "\"\"",
    "timestamp": "2022-01-14T12:26:42.694Z",
    "uuid": "5115d067-b888-456a-9224-7480eea74d47",
    "user": 1,
    "content_changed": true,
    "deleted": false,
    "page": 6,
    "revision": null
  }
},
{
  "model": "wagtailcore.pagelogentry",
  "pk": 16,
  "fields": {
    "content_type": 54,
    "label": "kontaktujte nas",
    "action": "wagtail.publish",
    "data_json": "null",
    "timestamp": "2022-01-14T12:26:44.089Z",
    "uuid": "5115d067-b888-456a-9224-7480eea74d47",
    "user": 1,
    "content_changed": true,
    "deleted": false,
    "page": 6,
    "revision": 7
  }
},
{
  "model": "wagtailcore.pagelogentry",
  "pk": 17,
  "fields": {
    "content_type": 54,
    "label": "kontaktujte nas",
    "action": "wagtail.edit",
    "data_json": "\"\"",
    "timestamp": "2022-01-14T12:27:31.417Z",
    "uuid": "cbd504bc-64bc-465f-a115-fa34b1d08647",
    "user": 1,
    "content_changed": true,
    "deleted": false,
    "page": 6,
    "revision": 8
  }
},
{
  "model": "wagtailcore.pagelogentry",
  "pk": 18,
  "fields": {
    "content_type": 54,
    "label": "kontaktujte nas",
    "action": "wagtail.publish",
    "data_json": "null",
    "timestamp": "2022-01-14T12:27:32.268Z",
    "uuid": "cbd504bc-64bc-465f-a115-fa34b1d08647",
    "user": 1,
    "content_changed": false,
    "deleted": false,
    "page": 6,
    "revision": 8
  }
},
{
  "model": "wagtailcore.pagelogentry",
  "pk": 19,
  "fields": {
    "content_type": 54,
    "label": "kontaktujte nas",
    "action": "wagtail.delete",
    "data_json": "\"\"",
    "timestamp": "2022-01-14T12:28:39.069Z",
    "uuid": "2741814b-3fdf-4e2a-9817-f441a93545de",
    "user": 1,
    "content_changed": false,
    "deleted": true,
    "page": 6,
    "revision": null
  }
},
{
  "model": "wagtailcore.pagelogentry",
  "pk": 20,
  "fields": {
    "content_type": 54,
    "label": "asaf",
    "action": "wagtail.create",
    "data_json": "\"\"",
    "timestamp": "2022-01-14T12:29:30.008Z",
    "uuid": "6b3690c0-ba17-4abd-80fb-2b39f4b479c7",
    "user": 1,
    "content_changed": true,
    "deleted": false,
    "page": 7,
    "revision": null
  }
},
{
  "model": "wagtailcore.pagelogentry",
  "pk": 21,
  "fields": {
    "content_type": 54,
    "label": "asaf",
    "action": "wagtail.publish",
    "data_json": "null",
    "timestamp": "2022-01-14T12:29:31.856Z",
    "uuid": "6b3690c0-ba17-4abd-80fb-2b39f4b479c7",
    "user": 1,
    "content_changed": true,
    "deleted": false,
    "page": 7,
    "revision": 9
  }
},
{
  "model": "wagtailcore.pagelogentry",
  "pk": 22,
  "fields": {
    "content_type": 54,
    "label": "asaf",
    "action": "wagtail.edit",
    "data_json": "\"\"",
    "timestamp": "2022-01-14T12:29:46.620Z",
    "uuid": "748e8e48-7692-4521-b9f0-cf8ca7d480be",
    "user": 1,
    "content_changed": true,
    "deleted": false,
    "page": 7,
    "revision": 10
  }
},
{
  "model": "wagtailcore.pagelogentry",
  "pk": 23,
  "fields": {
    "content_type": 54,
    "label": "asaf",
    "action": "wagtail.publish",
    "data_json": "null",
    "timestamp": "2022-01-14T12:29:48.066Z",
    "uuid": "748e8e48-7692-4521-b9f0-cf8ca7d480be",
    "user": 1,
    "content_changed": true,
    "deleted": false,
    "page": 7,
    "revision": 10
  }
},
{
  "model": "wagtailcore.pagelogentry",
  "pk": 24,
  "fields": {
    "content_type": 52,
    "label": "gwah",
    "action": "wagtail.create",
    "data_json": "\"\"",
    "timestamp": "2022-01-14T12:33:33.549Z",
    "uuid": "7c6c510d-6dea-49d8-b432-ae9330755e83",
    "user": 1,
    "content_changed": true,
    "deleted": false,
    "page": 8,
    "revision": null
  }
},
{
  "model": "wagtailcore.pagelogentry",
  "pk": 25,
  "fields": {
    "content_type": 52,
    "label": "gwah",
    "action": "wagtail.publish",
    "data_json": "null",
    "timestamp": "2022-01-14T12:33:35.893Z",
    "uuid": "7c6c510d-6dea-49d8-b432-ae9330755e83",
    "user": 1,
    "content_changed": true,
    "deleted": false,
    "page": 8,
    "revision": 11
  }
},
{
  "model": "wagtailcore.pagesubscription",
  "pk": 3,
  "fields": {
    "user": 1,
    "page": 4,
    "comment_notifications": true
  }
},
{
  "model": "wagtailcore.pagesubscription",
  "pk": 4,
  "fields": {
    "user": 1,
    "page": 5,
    "comment_notifications": true
  }
},
{
  "model": "wagtailcore.pagesubscription",
  "pk": 6,
  "fields": {
    "user": 1,
    "page": 7,
    "comment_notifications": true
  }
},
{
  "model": "wagtailcore.pagesubscription",
  "pk": 7,
  "fields": {
    "user": 1,
    "page": 8,
    "comment_notifications": true
  }
},
{
  "model": "home.homepage",
  "pk": 4,
  "fields": {
    "background_image": 1,
    "hero_title": "A",
    "hero_subtitle": "B",
    "cta_btn_text": "Learn MoreC",
    "cta_btn_link": 5
  }
},
{
  "model": "blog.bloglistingpage",
  "pk": 5,
  "fields": {
    "background_image": 2,
    "headline_text": "╚lßnky"
  }
},
{
  "model": "blog.blogpage",
  "pk": 8,
  "fields": {
    "date": "2022-01-11",
    "intro": "herh",
    "body": "<p data-block-key=\"0euyi\">ewgweg</p>"
  }
},
{
  "model": "contact.formfield",
  "pk": 4,
  "fields": {
    "sort_order": 0,
    "clean_name": "meno",
    "label": "meno",
    "field_type": "singleline",
    "required": true,
    "choices": "",
    "default_value": "",
    "help_text": "",
    "page": 7
  }
},
{
  "model": "contact.formfield",
  "pk": 5,
  "fields": {
    "sort_order": 1,
    "clean_name": "e_mail",
    "label": "E-mail",
    "field_type": "singleline",
    "required": true,
    "choices": "",
    "default_value": "",
    "help_text": "",
    "page": 7
  }
},
{
  "model": "contact.formfield",
  "pk": 6,
  "fields": {
    "sort_order": 2,
    "clean_name": "sprava_pre_nas",
    "label": "Sprßva pre nßs",
    "field_type": "multiline",
    "required": true,
    "choices": "",
    "default_value": "",
    "help_text": "",
    "page": 7
  }
},
{
  "model": "contact.contactpage",
  "pk": 7,
  "fields": {
    "to_address": "kubolehotsky@gmail.com",
    "from_address": "dsf@ewtwe.com",
    "subject": "gwg",
    "intro": "<p data-block-key=\"72j5q\">fgeg</p>",
    "thank_you_text": ""
  }
}
]
